ad_category_1,users,concentration_idx,engagement_idx,priority_score
Электроника,226,1.1830556788166933,1.1907105288997044,1.4086768530416236
Авто,193,1.2051129174543165,1.1565278666711345,1.3937466715212672
