ad_category_1,users,concentration_idx,engagement_idx,priority_score
Электроника,226,1.1830556788166933,1.1907105288997044,1.4086768530416236
Авто,193,1.2051129174543165,1.1565278666711345,1.3937466715212672
Недвижимость,103,0.94088145280236,1.2819346845370845,1.206148568384987
Хобби и отдых,92,0.7710290933694182,1.2612116891073186,0.9724309051993284
