metric,recommended_mean,seller_base_mean,lift_or_speedup
total_ads_last_12m,158.05309734513276,50.57936908390013,3.124853081558949
total_deals_last_12m,108.88053097345131,33.64801097947404,3.2358682669198675
questions_per_ad_avg,4.661061946902655,2.5709591078066913,1.8129661933359371
reviews_count,211.0929203539823,67.93969362423557,3.1070631775513458
deal_success_rate,0.8747787610619469,0.8151284638827779,1.0731790138882291
response_time_minutes,23.42672811059908,33.7892818793417,1.4423389267088578
