ad_category_1,strict_overindex,relaxed_overindex
Электроника,1.5068250040410307,1.122336626165408
Одежда и обувь,1.1801704006421951,0.9217478537513388
Дом и сад,1.0762442151873435,1.1114965796218892
Услуги,0.8866827637901746,1.068347053079762
Дети и игрушки,0.8402184567987677,0.8070586958214654
Недвижимость,0.804900105583955,0.8712719844913587
Авто,0.7838429643199037,0.9802114935481732
Хобби и отдых,0.6890598352764183,0.971752303168269
