user_segment_marketing,users,seller_share,buyer_share,ads_mean,active_ads_mean,deals_mean,questions_mean,rating_mean,revenue_mean,followers_mean
Активный,25327,0.5488214158802859,0.7495952935602321,27.61349547913294,1.628696647846172,18.745962806491097,1.8873334998334999,4.7060934326337165,1438562.471157263,330.44829628459746
Новичок,22450,0.5488195991091314,0.7466369710467706,28.22271714922049,1.6465033407572383,19.087438752783964,1.886703497354745,4.704151198110024,1393151.8223162584,333.5221380846325
Постоянный клиент,19911,0.5498970418361709,0.7484305157952891,28.14258450102958,1.6524031942142534,19.095424639646428,1.9181885475598792,4.7014162151886705,1670429.677665612,329.8126663653257
Спящий,8892,0.5528565002249213,0.7457264957264957,28.520017993702204,1.6845479082321189,19.298582995951417,1.8977619047619048,4.707664695945946,1368235.8842780027,327.7321187584345
Премиум,7191,0.5607008760951189,0.7530246141009596,28.891809205951883,1.66903073286052,19.75330273953553,1.9462973760932945,4.704993597951344,1858280.943401474,336.63370880267
Уходящий,6229,0.5522555787445818,0.7474715042542944,28.271472146411945,1.6977042864023117,19.062931449670895,1.8959252971137521,4.711227859501651,1630314.9137903354,329.8240488039814
