ad_category_1,mean_priority_score,mean_concentration_idx,mean_engagement_idx,top1_count,avg_rank
Электроника,1.3897044641107263,1.2121516377467811,1.1458566879962788,3,1.25
Недвижимость,1.0962456556354798,0.9098896833973618,1.2018547733188985,1,2.5
Авто,1.0702314750850723,0.9738583664727731,1.0949218452038112,0,3.25
Хобби и отдых,1.0268313106579425,0.8355905308913429,1.233739706824542,0,3.0
