segment,users,share_of_total_users,share_of_sellers
strict,193,0.00214487341912827,0.003895291339536198
relaxed,881,0.009790847058300549,0.017781096736432075
step5_top1000,1000,0.011113333777866684,0.020182856681534703
step6_top1000,1000,0.011113333777866684,0.020182856681534703
