user_segment_marketing,share
Активный,0.26991150442477874
Новичок,0.24778761061946902
Постоянный клиент,0.2079646017699115
Спящий,0.13716814159292035
Премиум,0.07079646017699115
Уходящий,0.06637168141592921
